,Region,Year,CropType,Production_Tonnes,Area_Hectares,Yield_Tonnes_per_Hectare
0,Lviv Oblast,2021,Barley,14910.0,5240.0,2.83268902184886
1,Poltava Oblast,2021,Soybean,14622.0,2752.0,2.8768168604651163
2,Dnipropetrovsk Oblast,2018,Soybean,16581.0,6502.0,2.550138418948016
3,Vinnytsia Oblast,2019,Sunflower,18710.0,6053.0,3.091029241698332
4,Kyiv Oblast,2019,Soybean,16217.0,4317.0,3.7565438962242297
5,Vinnytsia Oblast,2022,Wheat,14622.0,5015.0,3.662598870056497
6,Odesa Oblast,2020,Rye,11800.0,2931.0,4.0259297168201975
7,Cherkasy Oblast,2020,Rye,16034.0,4933.0,3.2503547536995745
8,Poltava Oblast,2022,Rye,14622.0,2721.0,7.500918779860346
9,Kyiv Oblast,2022,Barley,9339.0,3268.0,2.857711138310893
10,Poltava Oblast,2022,Corn,9165.0,3283.0,2.791653975022845
11,Vinnytsia Oblast,2022,Barley,14937.0,5015.0,3.8567002323780017
12,Poltava Oblast,2022,Rye,23019.0,5015.0,3.76066002287208
13,Lviv Oblast,2020,Soybean,4289.0,5763.0,0.7442304355370467
14,Cherkasy Oblast,2020,Sunflower,14622.0,8266.0,1.556254536656182
15,Dnipropetrovsk Oblast,2018,Rye,18179.0,5797.0,3.135932378816629
16,Lviv Oblast,2018,Soybean,14831.0,5796.0,2.558833678398896
17,Dnipropetrovsk Oblast,2018,Corn,16990.0,6464.0,2.6284034653465347
18,Dnipropetrovsk Oblast,2018,Potatoes,13965.0,3003.0,4.65034965034965
19,Odesa Oblast,2020,Soybean,12947.0,3198.0,2.83268902184886
20,Poltava Oblast,2021,Corn,9360.0,5211.0,1.7962003454231434
21,Kharkiv Oblast,2020,Wheat,16157.0,4680.0,2.83268902184886
22,Odesa Oblast,2019,Rye,22474.0,5859.0,3.835808158388804
23,Kharkiv Oblast,2022,Sunflower,14185.0,4486.0,3.1620597414177443
24,Kharkiv Oblast,2021,Potatoes,14622.0,3015.0,3.205970149253732
25,Odesa Oblast,2018,Potatoes,14622.0,5811.0,2.467217346411977
26,Kharkiv Oblast,2018,Sunflower,13145.0,5117.0,2.5688880203244087
27,Cherkasy Oblast,2021,Rye,16288.0,4263.0,3.820783485808117
28,Odesa Oblast,2019,Corn,10675.0,3220.0,3.315217391304348
29,Odesa Oblast,2018,Corn,15002.0,7438.0,2.016940037644528
30,Kyiv Oblast,2018,Wheat,7846.0,5450.0,1.439633027522936
31,Odesa Oblast,2018,Wheat,14622.0,4449.0,1.540795684423466
32,Zhytomyr Oblast,2020,Potatoes,19840.0,3134.0,6.330567964262923
33,Odesa Oblast,2019,Wheat,16434.0,4476.0,2.83268902184886
34,Lviv Oblast,2022,Sunflower,20598.0,5827.0,3.534923631371203
35,Odesa Oblast,2021,Soybean,20852.0,5958.0,3.4998321584424303
36,Dnipropetrovsk Oblast,2019,Soybean,16936.0,6411.0,2.641709561690844
37,Poltava Oblast,2020,Barley,14622.0,5984.0,1.7496657754010696
38,Lviv Oblast,2021,Soybean,14372.0,4514.0,3.183872396987151
39,Zhytomyr Oblast,2020,Rye,20881.0,4206.0,4.964574417498811
40,Poltava Oblast,2018,Wheat,11955.0,6000.0,1.9925
41,Kharkiv Oblast,2018,Corn,19180.0,8479.0,2.2620592050949404
42,Vinnytsia Oblast,2018,Barley,16459.0,4866.0,3.3824496506370734
43,Zhytomyr Oblast,2019,Wheat,4504.0,5015.0,0.923139987702398
44,Cherkasy Oblast,2022,Rye,10896.0,6362.0,1.712668972021377
45,Dnipropetrovsk Oblast,2021,Rye,22286.0,6258.0,3.561201661872803
46,Vinnytsia Oblast,2020,Wheat,14622.0,4982.0,4.6063829787234045
47,Zhytomyr Oblast,2020,Barley,12311.0,3342.0,3.683722321962896
48,Kyiv Oblast,2018,Rye,17368.0,5015.0,3.0105737562835846
49,Vinnytsia Oblast,2022,Barley,11276.0,6348.0,1.7763074984247007
50,Zhytomyr Oblast,2018,Barley,14344.0,6321.0,2.2692611928492328
51,Poltava Oblast,2020,Potatoes,11881.0,4234.0,2.8060935285781765
52,Zhytomyr Oblast,2021,Wheat,10325.0,5020.0,2.056772908366534
53,Poltava Oblast,2021,Wheat,19410.0,4451.0,4.3608177937542125
54,Cherkasy Oblast,2021,Soybean,14622.0,6180.0,2.7325242718446603
55,Kharkiv Oblast,2021,Corn,15313.0,6947.0,2.83268902184886
56,Odesa Oblast,2022,Wheat,5186.0,6915.0,0.7499638467100506
57,Lviv Oblast,2021,Corn,12737.0,5143.0,2.476570095275131
58,Kyiv Oblast,2022,Potatoes,17767.0,4685.0,3.792315901814301
59,Kharkiv Oblast,2021,Soybean,18286.0,3215.0,5.687713841368585
60,Vinnytsia Oblast,2021,Rye,13324.0,7910.0,1.6844500632111252
61,Zhytomyr Oblast,2019,Potatoes,16365.0,4078.0,4.01299656694458
62,Dnipropetrovsk Oblast,2022,Potatoes,7479.0,948.0,7.889240506329114
63,Poltava Oblast,2020,Soybean,14622.0,5328.0,2.078641141141141
64,Kharkiv Oblast,2022,Potatoes,17888.0,5015.0,2.83268902184886
65,Kharkiv Oblast,2022,Soybean,20766.0,7618.0,2.72591231294303
66,Poltava Oblast,2021,Soybean,17665.0,5041.0,3.5042650267804007
67,Dnipropetrovsk Oblast,2019,Barley,17638.0,6431.0,2.7426527756181
68,Kyiv Oblast,2018,Barley,13907.0,3569.0,3.896609694592323
69,Poltava Oblast,2021,Potatoes,6780.0,5994.0,1.1311311311311312
70,Odesa Oblast,2018,Sunflower,16739.0,5083.0,3.293133975998426
71,Poltava Oblast,2022,Corn,10612.0,812.0,13.06896551724138
72,Odesa Oblast,2021,Rye,14622.0,3066.0,6.502283105022831
73,Odesa Oblast,2020,Sunflower,16435.0,6690.0,2.456651718983557
74,Vinnytsia Oblast,2021,Potatoes,10520.0,4628.0,2.273120138288677
75,Kyiv Oblast,2022,Sunflower,14292.0,3241.0,4.409750077136686
76,Zhytomyr Oblast,2019,Barley,27651.0,4926.0,5.613276492082826
77,Zhytomyr Oblast,2020,Barley,24142.0,6155.0,3.92233956133225
78,Vinnytsia Oblast,2021,Rye,14622.0,1817.0,11.115024766097964
79,Kharkiv Oblast,2018,Wheat,13552.0,2999.0,4.518839613204402
80,Poltava Oblast,2022,Wheat,20560.0,2719.0,7.56160353070982
81,Poltava Oblast,2019,Sunflower,13862.0,4449.0,3.115756349741515
82,Cherkasy Oblast,2018,Potatoes,14622.0,5430.0,2.0683241252302027
83,Vinnytsia Oblast,2020,Wheat,24481.0,6308.0,2.83268902184886
84,Cherkasy Oblast,2022,Rye,9566.0,6234.0,1.5344882900224577
85,Kharkiv Oblast,2020,Sunflower,19497.0,6941.0,2.808961244777409
86,Vinnytsia Oblast,2019,Sunflower,22114.0,7109.0,3.110704740469827
87,Zhytomyr Oblast,2020,Potatoes,14622.0,4471.0,2.4620890181167523
88,Vinnytsia Oblast,2021,Rye,20856.0,3333.0,6.257425742574258
89,Vinnytsia Oblast,2019,Soybean,19990.0,6824.0,2.92936694021102
90,Odesa Oblast,2021,Sunflower,22278.0,3609.0,2.83268902184886
91,Kyiv Oblast,2019,Sunflower,10643.0,4438.0,2.3981523208652544
92,Kharkiv Oblast,2022,Corn,9784.0,6113.0,1.600523474562408
93,Kyiv Oblast,2018,Soybean,14622.0,4898.0,2.4912209064924458
94,Poltava Oblast,2020,Barley,12204.0,4967.0,2.45701630763036
95,Poltava Oblast,2020,Potatoes,10738.0,5841.0,1.8383838383838385
96,Vinnytsia Oblast,2018,Rye,11349.0,4148.0,2.736017357762777
97,Zhytomyr Oblast,2021,Rye,17590.0,5318.0,3.307634449040993
98,Lviv Oblast,2020,Sunflower,17215.0,3980.0,4.325376884422111
99,Kyiv Oblast,2020,Soybean,10261.0,4522.0,2.2691287041132244
100,Poltava Oblast,2019,Soybean,27778.02,5397.0,1.8495460440985731
101,Zhytomyr Oblast,2021,Sunflower,24349.0,5704.0,4.268758765778401
102,Poltava Oblast,2019,Barley,9934.0,5553.0,1.7889429137403206
103,Vinnytsia Oblast,2021,Wheat,6676.0,4399.0,1.517617640372812
104,Kharkiv Oblast,2022,Corn,13467.0,5015.0,5.447815533980583
105,Odesa Oblast,2019,Barley,9212.0,5056.0,1.821993670886076
106,Zhytomyr Oblast,2020,Barley,9734.0,3915.0,2.4863346104725417
107,Lviv Oblast,2021,Potatoes,14622.0,3866.0,2.1063114330056907
108,Kyiv Oblast,2021,Barley,17598.0,5584.0,3.1515042979942693
109,Kyiv Oblast,2018,Corn,14622.0,4419.0,5.088028965829373
110,Dnipropetrovsk Oblast,2022,Sunflower,10835.0,5924.0,1.8290006752194463
111,Odesa Oblast,2022,Barley,10934.0,4367.0,2.503778337531486
112,Odesa Oblast,2021,Soybean,6766.0,4894.0,1.3825091949325703
113,Kyiv Oblast,2019,Barley,14622.0,4189.0,5.666507519694438
114,Poltava Oblast,2018,Potatoes,7822.0,1638.0,4.775335775335775
115,Poltava Oblast,2019,Potatoes,17808.0,5402.0,3.2965568308034063
116,Dnipropetrovsk Oblast,2019,Soybean,13562.0,4033.0,3.3627572526655096
117,Odesa Oblast,2021,Corn,8411.0,5075.0,1.6573399014778325
118,Cherkasy Oblast,2021,Barley,10789.0,5742.0,1.878962034134448
119,Kharkiv Oblast,2020,Soybean,9224.0,6502.0,1.4186404183328207
120,Kharkiv Oblast,2020,Wheat,10485.0,6759.0,1.5512649800266312
121,Cherkasy Oblast,2018,Potatoes,18055.0,6573.0,2.7468431462041685
122,Cherkasy Oblast,2019,Wheat,21402.0,1222.0,17.5139116202946
123,Kharkiv Oblast,2021,Soybean,9667.0,6451.0,1.4985273600992095
124,Poltava Oblast,2022,Corn,15509.0,1935.0,8.01498708010336
125,Kyiv Oblast,2018,Wheat,14622.0,5980.0,1.9852842809364548
126,Zhytomyr Oblast,2020,Potatoes,10161.0,7866.0,1.291762013729977
127,Lviv Oblast,2022,Potatoes,20319.0,5577.0,3.6433566433566433
128,Dnipropetrovsk Oblast,2021,Barley,7515.0,2284.0,3.290280210157618
129,Poltava Oblast,2022,Barley,14488.0,5015.0,1.8343884527728536
130,Cherkasy Oblast,2020,Potatoes,14622.0,2935.0,4.533219761499148
131,Lviv Oblast,2022,Potatoes,18579.0,4979.0,3.731472183169311
132,Kharkiv Oblast,2019,Barley,21542.0,5240.0,4.111068702290076
133,Lviv Oblast,2020,Corn,27778.02,5037.0,5.763946793726425
134,Kharkiv Oblast,2021,Wheat,14622.0,4124.0,2.920950533462657
135,Dnipropetrovsk Oblast,2022,Wheat,17519.0,2909.0,6.0223444482640085
136,Kyiv Oblast,2018,Potatoes,10344.0,7015.0,1.4745545260156807
137,Kharkiv Oblast,2022,Soybean,17042.0,3771.0,4.519225669583665
138,Lviv Oblast,2022,Sunflower,16650.0,5439.0,3.061224489795918
139,Kharkiv Oblast,2018,Potatoes,15788.0,5176.0,3.0502318392581143
140,Vinnytsia Oblast,2018,Corn,13140.0,6107.0,2.151629277877845
141,Vinnytsia Oblast,2019,Sunflower,18835.0,3963.0,4.752712591471108
142,Kyiv Oblast,2020,Barley,27320.0,3778.0,7.231339332980413
143,Vinnytsia Oblast,2019,Potatoes,2921.0,5254.0,0.5559573658165208
144,Dnipropetrovsk Oblast,2021,Potatoes,19328.0,6347.0,3.045218213329132
145,Lviv Oblast,2018,Soybean,17362.0,1789.0,9.704863051984349
146,Poltava Oblast,2021,Soybean,2007.0,4485.0,0.4474916387959866
147,Lviv Oblast,2018,Wheat,21806.0,4521.0,4.823269188232692
148,Kyiv Oblast,2019,Soybean,14622.0,4303.0,3.5291656983499884
149,Odesa Oblast,2018,Sunflower,6818.0,6397.0,1.0658120994216038
150,Kharkiv Oblast,2021,Barley,6413.0,6517.0,0.98404173699555
151,Poltava Oblast,2021,Wheat,21497.0,7063.0,2.83268902184886
152,Odesa Oblast,2020,Soybean,10008.0,5010.0,1.9976047904191616
153,Odesa Oblast,2020,Wheat,11895.0,2862.0,4.156184486373165
154,Vinnytsia Oblast,2018,Barley,5545.0,5001.0,1.1087782443511298
155,Cherkasy Oblast,2018,Corn,22372.0,3604.0,6.2075471698113205
156,Dnipropetrovsk Oblast,2022,Wheat,13685.0,5015.0,2.83268902184886
157,Cherkasy Oblast,2018,Potatoes,10171.0,4751.0,2.140812460534624
158,Lviv Oblast,2018,Rye,17927.0,7022.0,2.552976360011393
159,Kharkiv Oblast,2018,Corn,10033.0,5308.0,1.89016578749058
160,Kharkiv Oblast,2022,Soybean,17461.0,5015.0,4.379483320792576
161,Vinnytsia Oblast,2021,Wheat,8610.0,4406.0,1.9541534271448024
162,Cherkasy Oblast,2022,Potatoes,17897.0,4478.0,3.996650290308173
163,Cherkasy Oblast,2019,Soybean,12764.0,4991.0,2.557403325986776
164,Lviv Oblast,2022,Potatoes,9828.0,7614.0,1.2907801418439715
165,Poltava Oblast,2021,Soybean,17931.0,3379.0,5.306599585676236
166,Zhytomyr Oblast,2018,Barley,7263.0,4513.0,1.6093507644582317
167,Vinnytsia Oblast,2021,Wheat,9962.0,2580.0,3.8612403100775192
168,Vinnytsia Oblast,2020,Potatoes,8317.0,2610.0,3.186590038314176
169,Vinnytsia Oblast,2022,Soybean,9407.0,5015.0,1.2172619047619049
170,Odesa Oblast,2021,Potatoes,6461.0,6424.0,1.0057596513075966
171,Lviv Oblast,2019,Sunflower,14375.0,7183.0,2.0012529583739385
172,Kharkiv Oblast,2021,Sunflower,13573.0,7064.0,1.9214326160815405
173,Dnipropetrovsk Oblast,2020,Soybean,11876.0,5216.0,2.276840490797546
174,Odesa Oblast,2021,Potatoes,24708.0,5913.0,4.178589548452562
175,Kharkiv Oblast,2019,Soybean,14622.0,3844.0,3.3621227887617064
176,Poltava Oblast,2020,Soybean,18889.0,3882.0,4.865790829469345
177,Zhytomyr Oblast,2019,Barley,19809.0,3940.0,5.027664974619289
178,Lviv Oblast,2018,Barley,14622.0,6135.0,3.391361043194784
179,Zhytomyr Oblast,2022,Barley,21403.0,6631.0,3.2277182928668378
180,Lviv Oblast,2018,Corn,17418.0,3864.0,4.50776397515528
181,Dnipropetrovsk Oblast,2022,Wheat,9978.0,6619.0,1.5074784710681373
182,Kharkiv Oblast,2020,Soybean,14819.0,6096.0,2.430938320209974
183,Kyiv Oblast,2021,Soybean,19436.0,4753.0,4.089206816747318
184,Poltava Oblast,2018,Barley,12310.0,4462.0,2.7588525324966384
185,Vinnytsia Oblast,2021,Soybean,11336.0,2675.0,4.237757009345795
186,Dnipropetrovsk Oblast,2019,Sunflower,11106.0,4959.0,2.23956442831216
187,Cherkasy Oblast,2022,Rye,11599.0,7346.0,1.5789545330792267
188,Cherkasy Oblast,2019,Barley,12699.0,5374.0,2.363044287309267
189,Vinnytsia Oblast,2019,Wheat,14622.0,6652.0,1.8214070956103428
190,Cherkasy Oblast,2022,Wheat,18889.0,5638.0,3.350301525363604
191,Dnipropetrovsk Oblast,2019,Soybean,7901.0,3313.0,2.3848475701780862
192,Kyiv Oblast,2022,Potatoes,11908.0,6801.0,2.83268902184886
193,Zhytomyr Oblast,2020,Wheat,17108.0,6183.0,2.766941614103186
194,Dnipropetrovsk Oblast,2021,Potatoes,14622.0,3872.0,2.4733987603305785
195,Kharkiv Oblast,2021,Corn,16093.0,4571.0,3.5206738131699846
196,Lviv Oblast,2019,Corn,13344.0,3827.0,3.486804285340998
197,Poltava Oblast,2019,Rye,19973.0,4465.0,4.473236282194849
198,Cherkasy Oblast,2022,Soybean,15796.0,6894.0,2.2912677690745578
199,Vinnytsia Oblast,2019,Soybean,21753.0,4810.0,4.522453222453223
200,Lviv Oblast,2019,Barley,8744.0,4483.0,1.9504795895605624
201,Lviv Oblast,2022,Potatoes,11877.0,6563.0,1.809690690233125
202,Poltava Oblast,2021,Rye,14622.0,5260.0,2.83268902184886
203,Zhytomyr Oblast,2021,Potatoes,5217.0,4448.0,2.83268902184886
204,Lviv Oblast,2020,Potatoes,15867.0,4257.0,3.727272727272727
205,Kyiv Oblast,2019,Sunflower,6633.0,9862.0,0.6725816264449401
206,Lviv Oblast,2021,Sunflower,10038.0,5096.0,1.96978021978022
207,Poltava Oblast,2018,Soybean,16890.0,6491.0,2.602064396857187
208,Poltava Oblast,2022,Sunflower,16213.0,4442.0,3.64993246285457
209,Lviv Oblast,2018,Soybean,11226.0,4913.0,2.2849582739670264
210,Cherkasy Oblast,2019,Corn,19659.0,7705.0,2.5514600908500973
211,Vinnytsia Oblast,2021,Potatoes,11175.0,5692.0,1.963281799016163
212,Zhytomyr Oblast,2020,Barley,11086.0,4752.0,2.332912457912458
213,Cherkasy Oblast,2020,Sunflower,16252.0,4944.0,3.2872168284789645
214,Odesa Oblast,2018,Sunflower,14873.0,4067.0,3.656995328251783
215,Lviv Oblast,2021,Wheat,7321.0,7439.0,0.9841376529103374
216,Vinnytsia Oblast,2021,Rye,18028.0,3145.0,5.732273449920509
217,Lviv Oblast,2021,Sunflower,6451.0,4993.0,1.2920088123372722
218,Cherkasy Oblast,2022,Sunflower,14622.0,4213.0,2.0405886541656777
219,Zhytomyr Oblast,2020,Corn,10617.0,4328.0,2.4530961182994453
220,Lviv Oblast,2022,Corn,11578.0,3129.0,3.700223713646533
221,Cherkasy Oblast,2020,Sunflower,10792.0,4200.0,2.569523809523809
222,Odesa Oblast,2021,Rye,14622.0,4878.0,3.463714637146372
223,Dnipropetrovsk Oblast,2019,Sunflower,19260.0,3541.0,5.439141485456086
224,Lviv Oblast,2018,Barley,2828.0,5198.0,0.544055405925356
225,Poltava Oblast,2022,Rye,17301.0,5015.0,4.148920863309352
226,Dnipropetrovsk Oblast,2020,Potatoes,7652.0,6594.0,1.1604488929329693
227,Kyiv Oblast,2022,Rye,15241.0,2785.0,5.472531418312387
228,Kyiv Oblast,2021,Rye,10989.0,7534.0,1.4585877355986197
229,Kyiv Oblast,2021,Sunflower,6797.0,6118.0,1.1109839816933638
230,Dnipropetrovsk Oblast,2018,Soybean,18293.0,6001.0,3.0483252791201467
231,Dnipropetrovsk Oblast,2021,Wheat,14522.0,5238.0,2.7724322260404737
232,Kharkiv Oblast,2019,Sunflower,17740.0,3183.0,5.573358466855168
233,Lviv Oblast,2021,Soybean,14622.0,5886.0,1.18416581719334
234,Kyiv Oblast,2020,Sunflower,9869.0,4748.0,2.078559393428812
235,Odesa Oblast,2018,Rye,19300.0,4812.0,4.010806317539485
236,Lviv Oblast,2019,Corn,20258.0,3819.0,5.304529981670594
237,Vinnytsia Oblast,2020,Soybean,15319.0,3814.0,4.01651809124279
238,Odesa Oblast,2021,Corn,19877.0,5544.0,3.5853174603174605
239,Kyiv Oblast,2022,Corn,14622.0,3645.0,5.441700960219479
240,Zhytomyr Oblast,2018,Barley,23779.0,5315.0,4.473941674506115
241,Dnipropetrovsk Oblast,2022,Corn,14946.0,4225.0,3.537514792899408
242,Vinnytsia Oblast,2020,Rye,13378.0,6645.0,2.0132430398796086
243,Kharkiv Oblast,2022,Sunflower,19916.0,4663.0,2.83268902184886
244,Lviv Oblast,2019,Soybean,16728.0,6919.0,2.4176904176904177
245,Odesa Oblast,2022,Corn,13199.0,5877.0,2.245873745108048
246,Kyiv Oblast,2020,Soybean,12396.0,4917.0,2.5210494203782794
247,Lviv Oblast,2019,Rye,9473.0,6390.0,1.4824726134585289
248,Kyiv Oblast,2021,Sunflower,9111.0,6685.0,1.362902019446522
249,Kharkiv Oblast,2021,Sunflower,20673.0,3139.0,6.585855367951577
250,Cherkasy Oblast,2018,Barley,15471.0,6153.0,2.514383227693808
251,Lviv Oblast,2022,Corn,15343.0,4695.0,3.267944621938232
252,Odesa Oblast,2021,Soybean,16856.0,3975.0,4.240503144654088
253,Cherkasy Oblast,2020,Rye,21413.0,5015.0,3.773215859030837
254,Zhytomyr Oblast,2020,Sunflower,22740.0,5015.0,3.722376821083647
255,Odesa Oblast,2020,Barley,11746.0,5665.0,2.073433362753751
256,Lviv Oblast,2021,Corn,17482.0,6542.0,2.6722714766126567
257,Kharkiv Oblast,2020,Sunflower,14622.0,3249.0,2.498922745460141
258,Zhytomyr Oblast,2021,Rye,9499.0,5015.0,1.8152111599464933
259,Kharkiv Oblast,2021,Wheat,15987.0,2042.0,7.829089128305583
260,Zhytomyr Oblast,2019,Wheat,19619.0,1909.0,10.27710843373494
261,Poltava Oblast,2021,Barley,9360.0,4299.0,2.83268902184886
262,Poltava Oblast,2019,Potatoes,14508.0,4318.0,3.3598888374247338
263,Kyiv Oblast,2021,Corn,14632.0,7142.0,2.048725847101652
264,Dnipropetrovsk Oblast,2018,Rye,16907.0,3715.0,4.5510094212651415
265,Cherkasy Oblast,2021,Potatoes,10609.0,3424.0,3.098422897196261
266,Poltava Oblast,2021,Rye,19888.0,3996.0,4.976976976976977
267,Zhytomyr Oblast,2020,Barley,14990.0,2616.0,5.730122324159021
268,Dnipropetrovsk Oblast,2022,Wheat,15746.0,4942.0,3.1861594496155403
269,Poltava Oblast,2022,Sunflower,25269.0,4363.0,5.791657116662846
270,Kharkiv Oblast,2022,Wheat,6513.0,5636.0,1.1556068133427964
271,Cherkasy Oblast,2020,Corn,11591.0,4974.0,2.3303176517893043
272,Kharkiv Oblast,2019,Rye,14935.0,8062.0,1.8525179856115108
273,Odesa Oblast,2018,Rye,14622.0,5990.0,1.489482470784641
274,Kyiv Oblast,2020,Corn,20236.0,2513.0,8.052526860326303
275,Cherkasy Oblast,2019,Sunflower,19879.0,5696.0,3.48999297752809
276,Poltava Oblast,2018,Barley,11926.0,3262.0,3.656039239730227
277,Poltava Oblast,2021,Soybean,16830.0,2386.0,2.83268902184886
278,Kharkiv Oblast,2021,Soybean,15615.0,3427.0,4.556463379048731
279,Kyiv Oblast,2018,Potatoes,17226.0,4090.0,4.211735941320294
280,Dnipropetrovsk Oblast,2021,Barley,16901.0,4774.0,3.54021784666946
281,Cherkasy Oblast,2021,Sunflower,16446.0,3747.0,4.389111289031225
282,Cherkasy Oblast,2022,Barley,16169.0,6260.0,2.5829073482428115
283,Kharkiv Oblast,2021,Sunflower,8556.0,6175.0,1.385587044534413
284,Cherkasy Oblast,2019,Sunflower,21237.0,3898.0,5.448178553104156
285,Cherkasy Oblast,2022,Barley,14622.0,5015.0,3.3710182286871664
286,Vinnytsia Oblast,2019,Potatoes,12694.0,7791.0,1.629315877294314
287,Dnipropetrovsk Oblast,2022,Sunflower,16466.0,847.0,19.44037780401417
288,Zhytomyr Oblast,2018,Soybean,18462.0,6959.0,2.6529673803707428
289,Kharkiv Oblast,2020,Corn,26319.0,6116.0,4.303302812295618
290,Dnipropetrovsk Oblast,2022,Sunflower,16594.0,5015.0,3.251175548589342
291,Zhytomyr Oblast,2018,Rye,15117.0,5384.0,2.8077637444279344
292,Cherkasy Oblast,2022,Rye,12983.0,5015.0,5.135680379746836
293,Vinnytsia Oblast,2018,Soybean,14352.0,7207.0,1.9913972526710144
294,Kharkiv Oblast,2019,Wheat,17237.0,5015.0,3.152917505030181
295,Zhytomyr Oblast,2018,Rye,22913.0,3045.0,7.5247947454844
296,Cherkasy Oblast,2022,Corn,14622.0,5884.0,1.8628484024473144
297,Dnipropetrovsk Oblast,2022,Sunflower,11252.0,4689.0,2.399658775858392
298,Odesa Oblast,2022,Barley,13279.0,4138.0,3.209038182696955
299,Dnipropetrovsk Oblast,2022,Corn,14622.0,5493.0,0.8767522301110504
300,Odesa Oblast,2022,Soybean,17429.0,5955.0,2.926784214945424
301,Zhytomyr Oblast,2020,Corn,14217.0,6666.0,2.132763276327633
302,Kharkiv Oblast,2018,Corn,7851.0,3919.0,2.00331717274815
303,Odesa Oblast,2019,Barley,18772.0,4730.0,3.9687103594080337
304,Kyiv Oblast,2020,Soybean,12893.0,3367.0,3.829224829224829
305,Odesa Oblast,2019,Soybean,21067.0,7079.0,2.975985308659415
306,Kharkiv Oblast,2021,Sunflower,4551.0,4591.0,0.9912873012415596
307,Dnipropetrovsk Oblast,2022,Barley,14622.0,7103.0,1.3708292270871465
308,Dnipropetrovsk Oblast,2019,Soybean,11418.0,7462.0,1.530152774055213
309,Kyiv Oblast,2022,Potatoes,14622.0,5662.0,3.4090427410808903
310,Odesa Oblast,2022,Corn,13620.0,3525.0,3.8638297872340415
311,Cherkasy Oblast,2019,Potatoes,19836.0,5266.0,3.766805924800608
312,Cherkasy Oblast,2022,Corn,17465.0,8264.0,2.1133833494675702
313,Odesa Oblast,2019,Rye,18035.0,5474.0,3.294665692363902
314,Lviv Oblast,2020,Wheat,13022.0,3859.0,2.83268902184886
315,Dnipropetrovsk Oblast,2020,Rye,20310.0,7405.0,2.7427413909520597
316,Odesa Oblast,2020,Barley,16775.0,6703.0,2.83268902184886
317,Zhytomyr Oblast,2019,Potatoes,17293.0,4581.0,3.774939969438987
318,Kyiv Oblast,2018,Rye,9846.0,5015.0,2.1687224669603524
319,Poltava Oblast,2019,Sunflower,13983.0,4941.0,2.8299939283545843
320,Lviv Oblast,2019,Soybean,12288.0,7040.0,1.7454545454545454
321,Kharkiv Oblast,2021,Potatoes,19751.0,5571.0,3.545323999281996
322,Poltava Oblast,2022,Barley,12621.0,4184.0,3.016491395793499
323,Dnipropetrovsk Oblast,2018,Sunflower,14622.0,6694.0,1.8555422766656708
324,Kyiv Oblast,2022,Wheat,12211.0,6270.0,1.9475279106858052
325,Poltava Oblast,2020,Potatoes,10865.0,3879.0,2.8009796339262696
326,Vinnytsia Oblast,2021,Wheat,12911.0,5376.0,2.401599702380953
327,Cherkasy Oblast,2020,Soybean,15920.0,7141.0,2.229379638706064
328,Dnipropetrovsk Oblast,2020,Corn,14622.0,9410.0,0.9482465462274176
329,Zhytomyr Oblast,2020,Potatoes,5657.0,6700.0,0.8443283582089552
330,Zhytomyr Oblast,2018,Corn,4924.0,3438.0,1.4322280395578826
331,Lviv Oblast,2019,Corn,27778.02,3451.0,4.115328890176761
332,Poltava Oblast,2021,Corn,13520.0,5015.0,2.203030796806257
333,Kharkiv Oblast,2018,Potatoes,20421.0,5015.0,5.336033446563889
334,Kyiv Oblast,2022,Wheat,8205.0,5582.0,1.4699032604801143
335,Dnipropetrovsk Oblast,2019,Barley,24707.0,4122.0,5.993934983017953
336,Kharkiv Oblast,2019,Sunflower,15031.0,7555.0,1.989543348775645
337,Cherkasy Oblast,2020,Rye,11914.0,4958.0,2.4029850746268657
338,Kyiv Oblast,2022,Barley,13730.0,7298.0,1.8813373526993695
339,Vinnytsia Oblast,2018,Barley,18013.0,4788.0,3.7621136173767753
340,Odesa Oblast,2018,Potatoes,16264.0,7284.0,2.232839099395936
341,Lviv Oblast,2022,Sunflower,14225.0,7965.0,2.83268902184886
342,Zhytomyr Oblast,2018,Sunflower,14960.0,3624.0,4.1280353200883
343,Kyiv Oblast,2018,Rye,17874.0,5015.0,2.9529159094663804
344,Odesa Oblast,2019,Sunflower,8112.0,6095.0,1.330926989335521
345,Zhytomyr Oblast,2020,Wheat,10724.0,4579.0,2.341996069010701
346,Zhytomyr Oblast,2020,Wheat,11122.0,3696.0,3.009199134199134
347,Zhytomyr Oblast,2019,Rye,14556.0,8123.0,1.79194878739382
348,Odesa Oblast,2019,Rye,18691.0,5100.0,3.664901960784314
349,Poltava Oblast,2021,Wheat,21503.0,4328.0,4.968345656192237
350,Poltava Oblast,2018,Soybean,16831.0,6952.0,2.421029919447641
351,Kharkiv Oblast,2018,Wheat,8930.0,3779.0,2.3630590103201907
352,Kharkiv Oblast,2019,Sunflower,16339.0,6569.0,2.487288780636322
353,Odesa Oblast,2019,Soybean,15899.0,5234.0,3.0376385173863203
354,Dnipropetrovsk Oblast,2022,Wheat,10499.0,6461.0,2.83268902184886
355,Lviv Oblast,2022,Corn,11115.0,6712.0,1.655989272943981
356,Odesa Oblast,2019,Sunflower,18678.0,5338.0,2.83268902184886
357,Poltava Oblast,2020,Sunflower,16863.0,4202.0,4.013089005235602
358,Poltava Oblast,2018,Wheat,18303.0,6729.0,2.720017833259028
359,Zhytomyr Oblast,2018,Rye,9211.0,4915.0,2.83268902184886
360,Kyiv Oblast,2018,Wheat,5537.0,7063.0,0.7839444995044599
361,Vinnytsia Oblast,2020,Corn,14061.0,4447.0,3.16190690353047
362,Kyiv Oblast,2020,Soybean,14707.0,3498.0,4.20440251572327
363,Kharkiv Oblast,2020,Corn,14612.0,4847.0,2.83268902184886
364,Lviv Oblast,2021,Wheat,19960.0,6209.0,3.2146883556128203
365,Poltava Oblast,2022,Rye,17397.0,4427.0,3.929749265868534
366,Vinnytsia Oblast,2019,Corn,17899.0,3786.0,4.727680929741152
367,Odesa Oblast,2021,Wheat,14622.0,5581.0,2.4110374484859345
368,Odesa Oblast,2022,Wheat,16453.0,5015.0,2.405761076180728
369,Odesa Oblast,2020,Wheat,14622.0,4708.0,4.401231945624469
370,Dnipropetrovsk Oblast,2018,Barley,12000.0,5256.0,2.2831050228310503
371,Kharkiv Oblast,2020,Corn,16133.0,4490.0,3.5930957683741647
372,Kyiv Oblast,2021,Wheat,16228.0,5550.0,2.923963963963964
373,Odesa Oblast,2021,Corn,15383.0,5278.0,2.83268902184886
374,Poltava Oblast,2020,Potatoes,15007.0,5783.0,2.5950198858723845
375,Vinnytsia Oblast,2018,Barley,25997.0,5761.0,4.512584620725568
376,Dnipropetrovsk Oblast,2022,Potatoes,6808.0,3514.0,1.9373932840068295
377,Odesa Oblast,2021,Soybean,7812.0,6250.0,1.24992
378,Vinnytsia Oblast,2018,Barley,23114.0,5692.0,4.060787069571329
379,Zhytomyr Oblast,2021,Wheat,12419.0,3982.0,3.1187845303867405
380,Vinnytsia Oblast,2022,Potatoes,10205.0,5015.0,1.5427059712773998
381,Kyiv Oblast,2020,Potatoes,14074.0,6656.0,2.114483173076923
382,Kharkiv Oblast,2022,Rye,10394.0,6285.0,1.6537788385043757
383,Dnipropetrovsk Oblast,2021,Barley,9162.0,537.0,17.06145251396648
384,Dnipropetrovsk Oblast,2020,Sunflower,15328.0,7001.0,2.1894015140694187
385,Vinnytsia Oblast,2019,Corn,766.0,3780.0,0.2026455026455026
386,Cherkasy Oblast,2020,Rye,10700.0,3835.0,2.790091264667536
387,Lviv Oblast,2018,Potatoes,14622.0,5639.0,2.8168114913991844
388,Lviv Oblast,2019,Wheat,6173.0,3460.0,1.7841040462427746
389,Odesa Oblast,2021,Potatoes,22429.0,5359.0,4.1852957641351
390,Dnipropetrovsk Oblast,2022,Sunflower,24921.0,5963.0,4.179272178433674
391,Poltava Oblast,2021,Barley,10432.0,4514.0,2.311032343819229
392,Poltava Oblast,2020,Wheat,14622.0,7231.0,1.868482920757848
393,Odesa Oblast,2018,Soybean,17408.0,6681.0,2.6055979643765905
394,Lviv Oblast,2019,Wheat,14622.0,5897.0,2.1724605731728
395,Lviv Oblast,2020,Barley,27778.02,5341.0,0.9369032016476316
396,Vinnytsia Oblast,2022,Corn,13952.0,4801.0,2.906061237242241
397,Odesa Oblast,2019,Sunflower,18612.0,5109.0,3.642982971227246
398,Zhytomyr Oblast,2019,Barley,19960.0,4295.0,4.647264260768336
399,Cherkasy Oblast,2019,Wheat,15958.0,7352.0,2.1705658324265507
400,Poltava Oblast,2020,Wheat,18097.0,5015.0,2.687806327045893
401,Kyiv Oblast,2021,Barley,14829.0,5015.0,3.155106382978724
402,Odesa Oblast,2022,Sunflower,13552.0,3842.0,3.527329515877147
403,Lviv Oblast,2018,Potatoes,15025.0,3647.0,4.119824513298601
404,Kyiv Oblast,2022,Wheat,14622.0,5455.0,2.83268902184886
405,Zhytomyr Oblast,2018,Sunflower,17649.0,5240.0,3.3681297709923665
406,Cherkasy Oblast,2018,Corn,17195.0,5015.0,3.8067301306176655
407,Odesa Oblast,2020,Potatoes,16901.0,4796.0,3.523978315262719
408,Poltava Oblast,2020,Barley,8534.0,5022.0,2.83268902184886
409,Kyiv Oblast,2018,Rye,22838.0,2377.0,9.607909129154397
410,Dnipropetrovsk Oblast,2019,Rye,15971.0,5015.0,3.2660531697341515
411,Poltava Oblast,2019,Soybean,13496.0,6537.0,2.064555606547346
412,Cherkasy Oblast,2022,Sunflower,14622.0,5637.0,2.83268902184886
413,Odesa Oblast,2020,Barley,8012.0,6671.0,1.20101933743067
414,Cherkasy Oblast,2022,Sunflower,22719.0,5015.0,2.708835101943484
415,Cherkasy Oblast,2022,Rye,5920.0,4673.0,1.2668521292531565
416,Lviv Oblast,2019,Sunflower,6520.0,5959.0,1.0941433126363485
417,Zhytomyr Oblast,2022,Rye,27778.02,5950.0,5.019327731092437
418,Cherkasy Oblast,2021,Corn,16251.0,4913.0,3.3077549358843883
419,Vinnytsia Oblast,2021,Wheat,5683.0,4632.0,1.2268998272884284
420,Vinnytsia Oblast,2021,Soybean,17164.0,7728.0,2.221014492753623
421,Odesa Oblast,2019,Sunflower,9321.0,6525.0,1.4285057471264369
422,Poltava Oblast,2020,Rye,9806.0,6874.0,1.4265347686936285
423,Odesa Oblast,2020,Sunflower,17237.0,3963.0,4.349482715114812
424,Kharkiv Oblast,2020,Sunflower,15453.0,4800.0,3.219375
425,Kharkiv Oblast,2019,Soybean,15619.0,5303.0,2.9453139732227043
426,Zhytomyr Oblast,2019,Soybean,18648.0,5254.0,3.5492957746478875
427,Cherkasy Oblast,2018,Barley,11789.0,5404.0,2.1815321983715767
428,Lviv Oblast,2021,Potatoes,17381.0,6623.0,2.624339423222105
429,Kharkiv Oblast,2021,Rye,12104.0,4707.0,2.571489271298067
430,Kharkiv Oblast,2018,Rye,10930.0,4412.0,2.4773345421577515
431,Odesa Oblast,2021,Rye,6716.0,7948.0,0.8449924509310518
432,Dnipropetrovsk Oblast,2022,Barley,11929.0,5934.0,2.0102797438490057
433,Zhytomyr Oblast,2018,Corn,13053.0,3780.0,3.453174603174604
434,Kyiv Oblast,2021,Potatoes,10505.0,5015.0,1.856991338165105
435,Cherkasy Oblast,2018,Corn,15894.0,1699.0,9.354914655679812
436,Odesa Oblast,2019,Wheat,9677.0,3224.0,3.001550868486353
437,Cherkasy Oblast,2020,Sunflower,19451.0,4555.0,4.270252469813392
438,Odesa Oblast,2022,Potatoes,20912.0,4909.0,4.259930739458138
439,Lviv Oblast,2018,Corn,6241.0,5232.0,1.1928516819571866
440,Kharkiv Oblast,2022,Barley,9707.0,6301.0,1.5405491191874303
441,Odesa Oblast,2022,Barley,11546.0,5015.0,2.83268902184886
442,Kharkiv Oblast,2019,Potatoes,13223.0,4625.0,2.859027027027027
443,Kyiv Oblast,2018,Rye,5546.0,5784.0,0.9588520055325036
444,Cherkasy Oblast,2021,Rye,19895.0,5015.0,3.3252548888517466
445,Poltava Oblast,2018,Sunflower,18985.0,5015.0,3.923331266790659
446,Vinnytsia Oblast,2018,Barley,14622.0,4881.0,2.83268902184886
447,Cherkasy Oblast,2020,Rye,19680.0,2929.0,6.719016729259133
448,Kharkiv Oblast,2022,Potatoes,14541.0,4627.0,3.1426410200994166
449,Odesa Oblast,2022,Wheat,13449.0,4617.0,2.912930474333983
450,Poltava Oblast,2020,Corn,12811.0,6675.0,1.919250936329588
451,Dnipropetrovsk Oblast,2019,Soybean,10703.0,2454.0,4.361450692746536
452,Kharkiv Oblast,2021,Corn,16878.0,2498.0,6.756605284227382
453,Kharkiv Oblast,2019,Barley,11749.0,4443.0,2.6443844249381048
454,Poltava Oblast,2022,Wheat,14927.0,3713.0,4.020199299757609
455,Vinnytsia Oblast,2021,Sunflower,13909.0,2370.0,5.868776371308017
456,Kharkiv Oblast,2021,Rye,12847.0,5372.0,2.83268902184886
457,Kyiv Oblast,2019,Corn,15621.0,2818.0,5.543293115684883
458,Vinnytsia Oblast,2018,Wheat,8462.0,5015.0,3.215045592705167
459,Kyiv Oblast,2022,Sunflower,5017.0,3017.0,2.83268902184886
460,Lviv Oblast,2019,Wheat,5740.0,4586.0,1.251635412123855
461,Odesa Oblast,2018,Wheat,8483.0,5027.0,1.6874875671374576
462,Zhytomyr Oblast,2019,Corn,17984.0,2931.0,6.135789832821563
463,Kharkiv Oblast,2018,Barley,12662.0,6876.0,1.841477603257708
464,Kyiv Oblast,2022,Corn,8457.0,1752.0,4.827054794520548
465,Poltava Oblast,2022,Soybean,16729.0,3943.0,4.242708597514583
466,Odesa Oblast,2019,Wheat,12263.0,4975.0,2.4649246231155777
467,Kharkiv Oblast,2018,Soybean,14580.0,3162.0,4.611005692599621
468,Kyiv Oblast,2020,Soybean,5670.0,3918.0,1.447166921898928
469,Kharkiv Oblast,2022,Corn,19625.0,6131.0,2.83268902184886
470,Lviv Oblast,2020,Wheat,18023.0,3536.0,5.097002262443439
471,Odesa Oblast,2021,Wheat,11243.0,4563.0,2.4639491562568487
472,Poltava Oblast,2020,Barley,14622.0,5859.0,2.7907492746202425
473,Vinnytsia Oblast,2018,Sunflower,18297.0,5785.0,2.83268902184886
474,Lviv Oblast,2022,Wheat,13214.0,5784.0,2.284578146611341
475,Odesa Oblast,2022,Wheat,10711.0,5036.0,2.1268864177918982
476,Dnipropetrovsk Oblast,2018,Rye,14622.0,5673.0,1.624537281861449
477,Lviv Oblast,2022,Potatoes,5403.0,8231.0,0.6564208480136071
478,Dnipropetrovsk Oblast,2021,Potatoes,11962.0,3705.0,3.2286099865047238
479,Dnipropetrovsk Oblast,2018,Sunflower,8292.0,6913.0,1.1994792420078113
480,Odesa Oblast,2019,Sunflower,18677.0,7512.0,2.4862886048988284
481,Lviv Oblast,2021,Sunflower,20996.0,6404.0,3.278575890068707
482,Zhytomyr Oblast,2019,Corn,15445.0,5396.0,2.862305411415864
483,Odesa Oblast,2021,Potatoes,6802.0,3079.0,2.209158817797986
484,Zhytomyr Oblast,2020,Corn,12949.0,5399.0,2.398407112428228
485,Kharkiv Oblast,2020,Wheat,6286.0,5107.0,1.2308596044644606
486,Poltava Oblast,2019,Sunflower,2210.0,5522.0,0.4002173125679101
487,Lviv Oblast,2018,Corn,14774.0,4652.0,3.1758383490971624
488,Zhytomyr Oblast,2019,Sunflower,12011.0,5878.0,2.0433821027560395
489,Cherkasy Oblast,2020,Soybean,12786.0,3152.0,4.056472081218274
490,Kharkiv Oblast,2018,Barley,12266.0,2787.0,4.401148188015788
491,Lviv Oblast,2018,Barley,8221.0,7069.0,1.1629650587070306
492,Dnipropetrovsk Oblast,2020,Corn,13622.0,4122.0,3.3047064531780688
493,Kharkiv Oblast,2021,Potatoes,23819.0,6288.0,3.788008905852417
494,Kyiv Oblast,2018,Wheat,12024.0,5015.0,1.7182052014861389
495,Dnipropetrovsk Oblast,2021,Barley,5275.0,6134.0,0.8599608738180633
496,Lviv Oblast,2019,Potatoes,10875.0,4809.0,2.2613849033063005
497,Zhytomyr Oblast,2022,Sunflower,8670.0,3311.0,2.6185442464512234
498,Kyiv Oblast,2019,Barley,18673.0,5015.0,3.640670696042114
499,Kharkiv Oblast,2020,Rye,14622.0,5949.0,2.367288619936124
500,Cherkasy Oblast,2018,Corn,16160.0,4897.0,3.2999795793342863
501,Dnipropetrovsk Oblast,2021,Corn,14622.0,3636.0,2.805005500550055
502,Dnipropetrovsk Oblast,2019,Potatoes,17329.0,5224.0,3.31718989280245
503,Kharkiv Oblast,2019,Corn,10458.0,7226.0,1.447273733739275
504,Poltava Oblast,2019,Barley,13127.0,6081.0,2.1586910047689525
505,Kyiv Oblast,2019,Corn,8949.0,3381.0,2.6468500443655723
506,Cherkasy Oblast,2020,Wheat,9770.0,5191.0,1.882103640916972
507,Poltava Oblast,2020,Barley,10360.0,5165.0,2.005808325266215
508,Lviv Oblast,2019,Potatoes,16336.0,3837.0,4.257492832942403
509,Kyiv Oblast,2021,Barley,10982.0,6219.0,1.7658787586428686
510,Vinnytsia Oblast,2021,Rye,14622.0,2745.0,3.2641165755919856
511,Kyiv Oblast,2022,Rye,11670.0,6132.0,1.903131115459883
512,Dnipropetrovsk Oblast,2020,Soybean,21639.0,5861.0,3.692032076437468
513,Cherkasy Oblast,2019,Rye,15392.0,5410.0,2.845101663585952
514,Lviv Oblast,2020,Sunflower,13706.0,6152.0,2.227893368010403
515,Poltava Oblast,2018,Wheat,22957.0,6238.0,3.680185957037512
516,Cherkasy Oblast,2019,Sunflower,18726.0,5227.0,3.582552133154773
517,Kyiv Oblast,2020,Soybean,17226.0,3935.0,4.377636594663279
518,Cherkasy Oblast,2022,Wheat,15221.0,3315.0,4.591553544494721
519,Cherkasy Oblast,2021,Potatoes,16582.0,5507.0,3.011076811331033
520,Lviv Oblast,2021,Barley,12161.0,4344.0,2.799493554327809
521,Zhytomyr Oblast,2022,Rye,6204.0,2372.0,2.615514333895447
522,Cherkasy Oblast,2022,Sunflower,8454.0,4897.0,1.7263630794363896
523,Kharkiv Oblast,2018,Sunflower,14877.0,5716.0,2.602694191742477
524,Kyiv Oblast,2021,Corn,14622.0,5430.0,3.244014732965009
525,Odesa Oblast,2019,Potatoes,19553.0,6894.0,2.8362344067304903
526,Lviv Oblast,2018,Wheat,18387.0,7131.0,2.5784602440050484
527,Dnipropetrovsk Oblast,2019,Corn,19880.0,5551.0,3.581336696090794
528,Zhytomyr Oblast,2018,Corn,16642.0,5371.0,3.098491900949544
529,Dnipropetrovsk Oblast,2019,Barley,14543.0,6409.0,2.269152753939772
530,Kyiv Oblast,2019,Wheat,17672.0,3687.0,4.793056685652292
531,Dnipropetrovsk Oblast,2022,Rye,14622.0,2895.0,3.843523316062176
532,Kharkiv Oblast,2021,Sunflower,17374.0,6123.0,2.837497958517067
533,Cherkasy Oblast,2018,Wheat,15330.0,6468.0,2.3701298701298703
534,Dnipropetrovsk Oblast,2019,Sunflower,9435.0,3867.0,2.439875872769589
535,Dnipropetrovsk Oblast,2020,Sunflower,19028.0,4288.0,4.4375
536,Dnipropetrovsk Oblast,2019,Potatoes,10952.0,4412.0,2.4823209428830464
537,Kyiv Oblast,2019,Soybean,16894.0,7590.0,2.2258234519104083
538,Lviv Oblast,2022,Soybean,8720.0,3753.0,2.323474553690381
539,Vinnytsia Oblast,2022,Potatoes,14879.0,5005.0,2.9728271728271727
540,Kyiv Oblast,2022,Potatoes,17880.0,4548.0,3.931398416886544
541,Zhytomyr Oblast,2022,Wheat,18499.0,7030.0,2.6314366998577525
542,Kyiv Oblast,2019,Rye,14638.0,6245.0,2.343955164131305
543,Cherkasy Oblast,2019,Potatoes,11817.0,8659.0,1.3647072410209031
544,Vinnytsia Oblast,2018,Soybean,19061.0,4133.0,4.611904185821437
545,Poltava Oblast,2020,Corn,14622.0,8182.0,1.5900757760938646
546,Kyiv Oblast,2019,Wheat,19374.0,5146.0,3.764865915273999
547,Kyiv Oblast,2022,Barley,17891.0,7358.0,2.4315031258494155
548,Kyiv Oblast,2021,Rye,7323.0,5900.0,1.241186440677966
549,Cherkasy Oblast,2022,Corn,12035.0,2891.0,2.83268902184886
550,Cherkasy Oblast,2022,Soybean,10940.0,2506.0,4.365522745411013
551,Kyiv Oblast,2018,Potatoes,14580.0,4282.0,3.404950957496497
552,Kharkiv Oblast,2018,Soybean,11929.0,5178.0,2.3037852452684437
553,Zhytomyr Oblast,2021,Soybean,14622.0,8561.0,1.7101974068449948
554,Cherkasy Oblast,2018,Soybean,5391.0,5913.0,2.83268902184886
555,Cherkasy Oblast,2020,Soybean,22013.0,4978.0,4.422057051024508
556,Lviv Oblast,2020,Wheat,14622.0,3441.0,7.952048823016565
557,Cherkasy Oblast,2019,Soybean,22923.0,5015.0,3.514180591752261
558,Odesa Oblast,2022,Corn,18891.0,8280.0,2.83268902184886
559,Cherkasy Oblast,2020,Rye,14116.0,2792.0,5.055873925501433
560,Vinnytsia Oblast,2019,Corn,17401.0,5883.0,2.95784463708992
561,Poltava Oblast,2019,Wheat,15215.0,6056.0,2.5123844121532364
562,Zhytomyr Oblast,2018,Sunflower,20000.0,7273.0,2.7498968788670424
563,Kharkiv Oblast,2020,Corn,10490.0,3431.0,3.0574176624890703
564,Zhytomyr Oblast,2021,Rye,17966.0,3799.0,4.729139247170308
565,Lviv Oblast,2019,Wheat,17275.0,6753.0,2.5581223160077005
566,Vinnytsia Oblast,2021,Sunflower,19650.0,4149.0,4.736080983369487
567,Vinnytsia Oblast,2021,Corn,12440.0,4970.0,2.5030181086519114
568,Vinnytsia Oblast,2022,Corn,12447.0,5015.0,3.15193719929096
569,Dnipropetrovsk Oblast,2020,Wheat,19746.0,6309.0,3.12981455064194
570,Dnipropetrovsk Oblast,2018,Corn,3817.0,3011.0,1.2676851544337429
571,Cherkasy Oblast,2020,Soybean,27777.0,2730.0,10.174725274725274
572,Cherkasy Oblast,2020,Potatoes,8852.0,4491.0,1.9710532175462037
573,Zhytomyr Oblast,2020,Soybean,11015.0,2151.0,2.83268902184886
574,Lviv Oblast,2021,Potatoes,24589.0,6857.0,3.5859705410529386
575,Kharkiv Oblast,2021,Sunflower,18154.0,8812.0,2.060145256468452
576,Cherkasy Oblast,2020,Wheat,11961.0,2681.0,4.461395001864976
577,Vinnytsia Oblast,2020,Soybean,9279.0,3915.0,2.370114942528736
578,Zhytomyr Oblast,2021,Soybean,6794.0,3465.0,1.960750360750361
579,Zhytomyr Oblast,2022,Potatoes,20316.0,2026.0,10.027640671273446
580,Zhytomyr Oblast,2021,Corn,13014.0,4979.0,2.6137778670415748
581,Odesa Oblast,2022,Barley,23129.0,6699.0,3.45260486639797
582,Kyiv Oblast,2018,Sunflower,10911.0,5528.0,2.83268902184886
583,Poltava Oblast,2018,Rye,11832.0,4725.0,2.504126984126984
584,Poltava Oblast,2019,Potatoes,7161.0,4995.0,2.83268902184886
585,Poltava Oblast,2018,Wheat,14622.0,6350.0,1.4869291338582675
586,Vinnytsia Oblast,2019,Soybean,12906.0,5096.0,2.532574568288854
587,Kharkiv Oblast,2021,Potatoes,20336.0,5503.0,2.83268902184886
588,Kyiv Oblast,2021,Wheat,18906.0,6670.0,2.83268902184886
589,Zhytomyr Oblast,2020,Barley,14622.0,5755.0,2.83268902184886
590,Zhytomyr Oblast,2018,Soybean,14109.0,4300.0,3.2811627906976746
591,Lviv Oblast,2020,Potatoes,14622.0,3286.0,2.785149117468046
592,Dnipropetrovsk Oblast,2020,Corn,8443.0,4217.0,2.002134218638843
593,Lviv Oblast,2020,Sunflower,14350.0,4537.0,3.1628829623098964
594,Kharkiv Oblast,2022,Soybean,11174.0,5493.0,2.0342253777535046
595,Odesa Oblast,2018,Potatoes,13925.0,3836.0,3.630083420229405
596,Odesa Oblast,2020,Sunflower,15374.0,8110.0,1.895684340320592
597,Vinnytsia Oblast,2018,Corn,19463.0,5793.0,3.3597445192473674
598,Odesa Oblast,2021,Barley,12925.0,6483.0,1.99367576739164
599,Lviv Oblast,2021,Wheat,14622.0,3480.0,3.4767241379310345
600,Poltava Oblast,2020,Sunflower,18340.0,4391.0,2.83268902184886
601,Vinnytsia Oblast,2020,Wheat,18401.0,7341.0,2.5066067293284293
602,Vinnytsia Oblast,2022,Soybean,26923.0,3711.0,7.254917811910536
603,Zhytomyr Oblast,2019,Barley,27778.02,5745.0,2.454308093994778
604,Kyiv Oblast,2020,Rye,17134.0,8096.0,2.1163537549407114
605,Kharkiv Oblast,2022,Soybean,14622.0,4945.0,4.993528816986856
606,Odesa Oblast,2021,Corn,13666.0,6742.0,2.0269949569860577
607,Poltava Oblast,2019,Rye,20424.0,1479.0,13.809330628803243
608,Odesa Oblast,2018,Wheat,11612.0,4188.0,2.772683858643744
609,Cherkasy Oblast,2021,Barley,7598.0,4360.0,1.7426605504587156
610,Odesa Oblast,2018,Wheat,15744.0,5751.0,2.7376108502869068
611,Vinnytsia Oblast,2021,Barley,3830.0,6159.0,0.6218541971099204
612,Zhytomyr Oblast,2019,Potatoes,19576.0,5859.0,3.341184502474825
613,Odesa Oblast,2018,Soybean,19969.0,4627.0,4.315755349038254
614,Lviv Oblast,2020,Potatoes,10046.0,4534.0,2.21570357300397
615,Kyiv Oblast,2019,Rye,15094.0,3672.0,4.110566448801743
616,Zhytomyr Oblast,2020,Barley,14622.0,4748.0,3.9050126368997473
617,Kharkiv Oblast,2020,Wheat,8643.0,5912.0,1.4619418132611637
618,Cherkasy Oblast,2020,Corn,20147.0,4538.0,4.439620978404584
619,Lviv Oblast,2020,Barley,16394.0,5015.0,3.665921288014311
620,Vinnytsia Oblast,2019,Corn,18352.0,4939.0,3.715731929540393
621,Kharkiv Oblast,2020,Potatoes,13937.0,6551.0,2.127461456266219
622,Vinnytsia Oblast,2018,Wheat,15960.0,3444.0,4.634146341463414
623,Vinnytsia Oblast,2019,Barley,11758.0,4683.0,2.510783685671578
624,Kharkiv Oblast,2020,Soybean,7551.0,5448.0,1.3860132158590308
625,Cherkasy Oblast,2021,Rye,10690.0,6195.0,1.725585149313963
626,Lviv Oblast,2019,Sunflower,13297.0,3890.0,3.418251928020565
627,Lviv Oblast,2020,Soybean,9394.0,4941.0,1.9012345679012344
628,Vinnytsia Oblast,2021,Potatoes,6822.0,5976.0,1.141566265060241
629,Poltava Oblast,2020,Sunflower,15641.0,4060.0,3.852463054187192
630,Odesa Oblast,2022,Corn,17494.0,4053.0,4.316308906982482
631,Kharkiv Oblast,2022,Corn,16010.0,4253.0,3.764401598871385
632,Cherkasy Oblast,2018,Barley,11332.0,3019.0,3.7535607817158
633,Poltava Oblast,2019,Wheat,10991.0,6479.0,1.6964037660132736
634,Cherkasy Oblast,2019,Rye,14132.0,5015.0,2.279722535892886
635,Zhytomyr Oblast,2022,Sunflower,14753.0,5393.0,2.735583163359911
636,Cherkasy Oblast,2020,Barley,14622.0,5066.0,2.600276352151599
637,Lviv Oblast,2021,Corn,22672.0,6392.0,3.546933667083855
638,Odesa Oblast,2018,Corn,13756.0,4395.0,2.83268902184886
639,Odesa Oblast,2018,Potatoes,14964.0,10203.0,1.4666274625110265
640,Zhytomyr Oblast,2021,Corn,18409.0,5947.0,3.095510341348579
641,Kharkiv Oblast,2018,Potatoes,10062.0,5015.0,1.6318520921180668
642,Poltava Oblast,2018,Rye,17737.0,4524.0,3.9206454465075153
643,Dnipropetrovsk Oblast,2021,Corn,14622.0,5578.0,2.415740408748656
644,Cherkasy Oblast,2019,Rye,18144.0,2663.0,6.8133683815245965
645,Vinnytsia Oblast,2020,Corn,24182.0,6350.0,3.8081889763779526
646,Kyiv Oblast,2021,Soybean,14622.0,3467.0,5.97086818575137
647,Lviv Oblast,2019,Wheat,9769.0,5956.0,1.6401947615849564
648,Cherkasy Oblast,2018,Potatoes,15186.0,5293.0,2.869072359720385
649,Lviv Oblast,2018,Wheat,17910.0,3862.0,4.637493526670119
650,Lviv Oblast,2018,Soybean,27778.02,5077.0,6.025014772503447
651,Vinnytsia Oblast,2019,Wheat,11966.0,5467.0,2.188768977501372
652,Vinnytsia Oblast,2018,Rye,14622.0,2833.0,2.8810448288033887
653,Vinnytsia Oblast,2021,Soybean,21037.0,5399.0,2.83268902184886
654,Vinnytsia Oblast,2018,Wheat,14622.0,2343.0,6.955612462654716
655,Kyiv Oblast,2020,Potatoes,15578.0,3424.0,4.54964953271028
656,Lviv Oblast,2022,Rye,15137.0,3827.0,3.955317481055657
657,Kharkiv Oblast,2020,Barley,10700.0,6751.0,1.584950377721819
658,Kyiv Oblast,2020,Soybean,16690.0,6224.0,2.681555269922879
659,Lviv Oblast,2020,Potatoes,17627.0,4510.0,3.9084257206208415
660,Kharkiv Oblast,2020,Sunflower,19979.0,4553.0,4.388095761036679
661,Cherkasy Oblast,2021,Wheat,13482.0,3675.0,3.6685714285714286
662,Kyiv Oblast,2022,Soybean,12170.0,4643.0,2.621150118457894
663,Cherkasy Oblast,2019,Barley,19437.0,1950.0,9.967692307692309
664,Kharkiv Oblast,2018,Rye,10248.0,3286.0,3.118685331710286
665,Dnipropetrovsk Oblast,2020,Rye,19421.0,4988.0,3.89354450681636
666,Kharkiv Oblast,2020,Corn,12597.0,5989.0,2.103356152947069
667,Dnipropetrovsk Oblast,2021,Soybean,14622.0,2955.0,4.741793570219966
668,Cherkasy Oblast,2022,Barley,18954.0,5648.0,3.3558781869688383
669,Dnipropetrovsk Oblast,2018,Rye,16172.0,5989.0,2.700283853731842
670,Dnipropetrovsk Oblast,2021,Rye,14495.0,5587.0,2.5944156076606406
671,Zhytomyr Oblast,2021,Rye,9191.0,4318.0,2.83268902184886
672,Cherkasy Oblast,2021,Barley,19460.0,4340.0,4.483870967741935
673,Cherkasy Oblast,2020,Rye,12485.0,5524.0,2.260137581462708
674,Poltava Oblast,2019,Barley,10470.0,5226.0,2.0034443168771525
675,Poltava Oblast,2018,Rye,8811.0,5564.0,1.5835729690869875
676,Kharkiv Oblast,2022,Corn,14583.0,5038.0,2.894601032155617
677,Lviv Oblast,2018,Wheat,23201.0,5015.0,6.464474784062413
678,Odesa Oblast,2022,Wheat,17767.0,5492.0,3.2350691915513474
679,Poltava Oblast,2022,Barley,4215.0,5015.0,0.7545649838882922
680,Vinnytsia Oblast,2021,Corn,13962.0,4197.0,3.326661901358113
681,Vinnytsia Oblast,2020,Corn,19728.0,7993.0,2.83268902184886
682,Kharkiv Oblast,2020,Rye,11027.0,5015.0,1.818736599043378
683,Dnipropetrovsk Oblast,2020,Corn,19031.0,6064.0,3.138357519788918
684,Poltava Oblast,2020,Rye,9532.0,3695.0,2.579702300405954
685,Kyiv Oblast,2020,Barley,12431.0,6010.0,2.0683860232945093
686,Dnipropetrovsk Oblast,2019,Sunflower,23876.0,5200.0,4.591538461538462
687,Cherkasy Oblast,2021,Wheat,15610.0,6832.0,2.2848360655737703
688,Lviv Oblast,2021,Sunflower,16401.0,4979.0,3.294034946776461
689,Dnipropetrovsk Oblast,2022,Rye,14490.0,6241.0,2.3217433103669283
690,Lviv Oblast,2020,Sunflower,18697.0,4512.0,2.83268902184886
691,Kharkiv Oblast,2021,Rye,7882.0,5273.0,1.494784752512801
692,Zhytomyr Oblast,2020,Wheat,20592.0,5405.0,3.809805735430157
693,Poltava Oblast,2020,Barley,18960.0,5455.0,3.4757103574702106
694,Kharkiv Oblast,2018,Corn,19108.0,7400.0,2.582162162162162
695,Kharkiv Oblast,2018,Rye,9238.0,5473.0,1.6879225287776356
696,Zhytomyr Oblast,2018,Wheat,8469.0,5015.0,2.5078472016582767
697,Lviv Oblast,2021,Sunflower,16123.0,6231.0,2.5875461402664097
698,Dnipropetrovsk Oblast,2020,Wheat,14198.0,4554.0,3.1176987263943787
699,Kyiv Oblast,2021,Sunflower,13087.0,3171.0,4.1270892462945445
700,Lviv Oblast,2022,Barley,14651.0,3182.0,4.604336895034569
701,Vinnytsia Oblast,2020,Sunflower,15009.0,3141.0,4.778414517669532
702,Dnipropetrovsk Oblast,2022,Sunflower,5555.0,6669.0,0.832958464537412
703,Cherkasy Oblast,2018,Corn,22567.0,8002.0,2.8201699575106223
704,Odesa Oblast,2019,Sunflower,10380.0,5682.0,1.8268215417106648
705,Odesa Oblast,2019,Potatoes,14707.0,5762.0,2.552412356820549
706,Zhytomyr Oblast,2022,Soybean,13495.0,5015.0,4.42749343832021
707,Kharkiv Oblast,2022,Potatoes,9389.0,5500.0,1.707090909090909
708,Kharkiv Oblast,2018,Soybean,11771.0,4089.0,2.8786989483981413
709,Zhytomyr Oblast,2021,Potatoes,14199.0,5015.0,3.6614234141309954
710,Poltava Oblast,2021,Barley,18429.0,8049.0,2.289601192694745
711,Lviv Oblast,2020,Wheat,16052.0,7575.0,2.119075907590759
712,Vinnytsia Oblast,2022,Wheat,18838.0,4557.0,4.133859995611148
713,Dnipropetrovsk Oblast,2021,Barley,14217.0,5842.0,2.4335843889079083
714,Dnipropetrovsk Oblast,2022,Corn,13439.0,5851.0,2.296872329516322
715,Dnipropetrovsk Oblast,2021,Potatoes,10307.0,5947.0,1.7331427610559946
716,Poltava Oblast,2019,Soybean,16171.0,5015.0,3.9470344154259216
717,Dnipropetrovsk Oblast,2021,Sunflower,6352.0,3467.0,1.8321315258148252
718,Zhytomyr Oblast,2020,Soybean,26308.0,2200.0,11.95818181818182
719,Odesa Oblast,2021,Sunflower,14622.0,6446.0,1.9280173751163512
720,Kyiv Oblast,2021,Wheat,23023.0,2994.0,7.6897127588510354
721,Zhytomyr Oblast,2020,Sunflower,19045.0,4641.0,2.83268902184886
722,Kyiv Oblast,2019,Barley,11428.0,4834.0,2.364087712039719
723,Cherkasy Oblast,2022,Wheat,14065.0,5813.0,2.83268902184886
724,Cherkasy Oblast,2020,Rye,23944.0,5857.0,4.088099709749018
725,Kharkiv Oblast,2020,Soybean,12265.0,3288.0,3.7302311435523112
726,Lviv Oblast,2022,Soybean,18365.0,5500.0,3.339090909090909
727,Kharkiv Oblast,2018,Soybean,14622.0,4025.0,4.127701863354037
728,Poltava Oblast,2021,Barley,19599.0,4666.0,4.200385769395628
729,Cherkasy Oblast,2020,Corn,14977.0,5015.0,3.554105363075463
730,Vinnytsia Oblast,2019,Barley,4340.0,4369.0,0.9933623254749372
731,Kharkiv Oblast,2018,Rye,7755.0,6335.0,1.224151539068666
732,Poltava Oblast,2021,Wheat,23264.0,3283.0,7.08620164483704
733,Cherkasy Oblast,2018,Barley,14720.0,2338.0,6.295979469632164
734,Zhytomyr Oblast,2020,Wheat,22299.0,6585.0,2.83268902184886
735,Kyiv Oblast,2018,Sunflower,8906.0,5085.0,1.7514257620452311
736,Poltava Oblast,2020,Soybean,25692.0,4555.0,5.640395170142701
737,Zhytomyr Oblast,2019,Wheat,11696.0,4187.0,2.793408168139479
738,Poltava Oblast,2020,Potatoes,11327.0,5227.0,2.167017409603979
739,Poltava Oblast,2020,Corn,18977.0,5194.0,3.6536388140161726
740,Kyiv Oblast,2022,Soybean,10491.0,4816.0,2.178363787375415
741,Kyiv Oblast,2018,Corn,21971.0,4295.0,5.115483119906869
742,Dnipropetrovsk Oblast,2021,Sunflower,12803.0,6846.0,1.8701431492842533
743,Poltava Oblast,2018,Corn,16422.0,7388.0,2.2227937195452085
744,Poltava Oblast,2018,Rye,12080.0,6076.0,1.9881500987491767
745,Zhytomyr Oblast,2022,Soybean,16098.0,3687.0,4.3661513425549225
746,Dnipropetrovsk Oblast,2019,Soybean,6584.0,5283.0,1.2462615937914063
747,Lviv Oblast,2020,Barley,18667.0,5530.0,3.3755877034358046
748,Dnipropetrovsk Oblast,2019,Potatoes,13669.0,5629.0,2.4283176407887725
749,Zhytomyr Oblast,2022,Barley,13943.0,4398.0,3.170304683947249
750,Dnipropetrovsk Oblast,2018,Potatoes,11614.0,4290.0,2.707226107226107
751,Kharkiv Oblast,2018,Wheat,20141.0,5259.0,2.83268902184886
752,Cherkasy Oblast,2020,Rye,13212.0,5917.0,2.2328882879837755
753,Cherkasy Oblast,2020,Wheat,0.0,2422.0,0.0
754,Dnipropetrovsk Oblast,2020,Soybean,18751.0,5511.0,3.4024677916893484
755,Poltava Oblast,2019,Barley,17330.0,5075.0,3.4147783251231525
756,Dnipropetrovsk Oblast,2018,Corn,17394.0,2537.0,6.856129286558928
757,Vinnytsia Oblast,2021,Wheat,13444.0,5654.0,2.3777856384860274
758,Zhytomyr Oblast,2020,Corn,10902.0,4072.0,2.677308447937132
759,Lviv Oblast,2019,Potatoes,10145.0,3596.0,2.82119021134594
760,Dnipropetrovsk Oblast,2022,Potatoes,11910.0,6574.0,1.8116823851536357
761,Lviv Oblast,2019,Sunflower,10017.0,4441.0,2.2555730691285745
762,Poltava Oblast,2021,Barley,10563.0,5702.0,1.8525078919677307
763,Vinnytsia Oblast,2019,Potatoes,6178.0,7876.0,0.7844083291010665
764,Dnipropetrovsk Oblast,2018,Sunflower,17976.0,3827.0,4.697151816043899
765,Cherkasy Oblast,2022,Soybean,17463.0,6940.0,2.5162824207492798
766,Lviv Oblast,2020,Corn,23116.0,4733.0,4.8840059159095714
767,Vinnytsia Oblast,2022,Wheat,21416.0,5015.0,3.3988255832407552
768,Kyiv Oblast,2020,Corn,13756.0,6381.0,2.155774956903307
769,Odesa Oblast,2020,Soybean,17702.0,4460.0,2.83268902184886
770,Vinnytsia Oblast,2022,Wheat,8486.0,5518.0,1.537876042044219
771,Vinnytsia Oblast,2020,Potatoes,9808.0,5118.0,1.916373583431028
772,Vinnytsia Oblast,2020,Rye,7184.0,2302.0,3.120764552562989
773,Dnipropetrovsk Oblast,2019,Sunflower,15013.0,7791.0,1.9269670132203824
774,Dnipropetrovsk Oblast,2022,Corn,17164.0,4887.0,3.5121751585839984
775,Kharkiv Oblast,2022,Potatoes,10961.0,5424.0,2.020833333333333
776,Lviv Oblast,2020,Rye,15482.0,5923.0,2.613878102313017
777,Lviv Oblast,2019,Wheat,11724.0,4958.0,2.36466317063332
778,Kharkiv Oblast,2020,Corn,19234.0,6018.0,3.196078431372549
779,Kyiv Oblast,2022,Barley,13682.0,2930.0,4.669624573378839
780,Kyiv Oblast,2022,Sunflower,13917.0,4184.0,3.326242829827916
781,Kyiv Oblast,2018,Wheat,15505.0,5731.0,2.70546152503926
782,Dnipropetrovsk Oblast,2019,Barley,18791.0,4858.0,3.868052696582956
783,Cherkasy Oblast,2019,Barley,11939.0,4049.0,2.9486292911830083
784,Vinnytsia Oblast,2021,Corn,14457.0,1638.0,8.826007326007327
785,Dnipropetrovsk Oblast,2022,Corn,16825.0,5964.0,2.8210932260228034
786,Lviv Oblast,2018,Soybean,9057.0,5113.0,1.7713671034617642
787,Zhytomyr Oblast,2020,Sunflower,13317.0,4935.0,2.6984802431610944
788,Cherkasy Oblast,2022,Barley,13501.0,5002.0,2.699120351859256
789,Kharkiv Oblast,2019,Wheat,27778.02,5015.0,12.134189031505253
790,Poltava Oblast,2019,Barley,12830.0,4786.0,2.680735478478897
791,Lviv Oblast,2019,Soybean,9559.0,5342.0,2.83268902184886
792,Poltava Oblast,2021,Sunflower,14858.0,6788.0,2.188862698880377
793,Vinnytsia Oblast,2018,Soybean,15487.0,2416.0,6.410182119205298
794,Lviv Oblast,2019,Rye,17135.0,3287.0,5.212960146029815
795,Vinnytsia Oblast,2020,Rye,15954.0,5684.0,2.806826178747361
796,Kyiv Oblast,2019,Soybean,10592.0,5865.0,1.8059676044330777
797,Lviv Oblast,2019,Wheat,8064.0,2846.0,2.833450456781448
798,Poltava Oblast,2019,Soybean,7116.0,4077.0,1.7454010301692422
799,Zhytomyr Oblast,2018,Potatoes,8439.0,5537.0,2.83268902184886
800,Dnipropetrovsk Oblast,2020,Soybean,22420.0,7313.0,3.065773280459456
801,Dnipropetrovsk Oblast,2021,Wheat,13498.0,517.0,26.108317214700197
802,Kyiv Oblast,2020,Wheat,18351.0,3779.0,2.83268902184886
803,Odesa Oblast,2021,Rye,10915.0,5860.0,1.8626279863481228
804,Dnipropetrovsk Oblast,2021,Wheat,14622.0,5125.0,3.7596097560975608
805,Odesa Oblast,2019,Wheat,10565.0,4954.0,2.1326201049656843
806,Vinnytsia Oblast,2022,Wheat,11515.0,5015.0,3.1994998610725203
807,Odesa Oblast,2019,Corn,12955.0,8382.0,1.545573848723455
808,Zhytomyr Oblast,2022,Sunflower,9992.0,6398.0,1.5617380431384809
809,Zhytomyr Oblast,2021,Soybean,14566.0,4492.0,3.242653606411398
810,Cherkasy Oblast,2019,Rye,22174.0,3149.0,2.83268902184886
811,Kyiv Oblast,2022,Barley,7125.0,5120.0,1.3916015625
812,Kyiv Oblast,2020,Wheat,20331.0,5900.0,3.4459322033898303
813,Cherkasy Oblast,2022,Rye,16948.0,5172.0,3.2768754833720037
814,Cherkasy Oblast,2019,Barley,14764.0,5204.0,2.8370484242890086
815,Dnipropetrovsk Oblast,2021,Potatoes,13373.0,2773.0,4.822574828705373
816,Poltava Oblast,2018,Sunflower,11215.0,7088.0,1.5822516930022574
817,Odesa Oblast,2018,Rye,19502.0,3575.0,5.455104895104896
818,Cherkasy Oblast,2022,Wheat,21382.0,5148.0,4.153457653457654
819,Vinnytsia Oblast,2022,Barley,18700.0,4186.0,4.467271858576207
820,Odesa Oblast,2018,Rye,16362.0,4658.0,3.5126663804207814
821,Zhytomyr Oblast,2020,Corn,10265.0,7251.0,1.4156668045786789
822,Poltava Oblast,2018,Barley,14309.0,5015.0,1.8864864864864863
823,Poltava Oblast,2020,Barley,14622.0,3074.0,2.7781392322706573
824,Kharkiv Oblast,2019,Rye,26757.0,3924.0,6.818807339449541
825,Kyiv Oblast,2019,Rye,9239.0,5853.0,1.5785067486758928
826,Poltava Oblast,2018,Wheat,17386.0,2912.0,5.970467032967033
827,Vinnytsia Oblast,2019,Rye,22683.0,4491.0,2.83268902184886
828,Kyiv Oblast,2021,Corn,9753.0,5246.0,1.859130766298132
829,Vinnytsia Oblast,2022,Rye,15403.0,3549.0,4.340095801634263
830,Dnipropetrovsk Oblast,2019,Rye,18742.0,4241.0,4.419240745107286
831,Zhytomyr Oblast,2020,Barley,5813.0,3712.0,1.5660021551724137
832,Lviv Oblast,2021,Barley,14622.0,4192.0,1.8125
833,Vinnytsia Oblast,2019,Sunflower,8431.0,5703.0,1.4783447308434157
834,Lviv Oblast,2020,Potatoes,8765.0,4432.0,2.83268902184886
835,Vinnytsia Oblast,2019,Rye,16746.0,5744.0,2.915389972144846
836,Zhytomyr Oblast,2018,Soybean,12268.0,5729.0,2.14138593122709
837,Lviv Oblast,2019,Rye,27778.02,7772.0,3.587107565620175
838,Kyiv Oblast,2020,Wheat,12321.0,4645.0,2.652529601722282
839,Kharkiv Oblast,2018,Corn,15913.0,6868.0,2.3169772859638904
840,Kyiv Oblast,2020,Corn,22058.0,4386.0,5.029183766529868
841,Cherkasy Oblast,2018,Barley,19503.0,2272.0,8.58406690140845
842,Vinnytsia Oblast,2020,Potatoes,14622.0,3024.0,4.639219576719577
843,Dnipropetrovsk Oblast,2019,Sunflower,16829.0,5015.0,3.382033762057878
844,Lviv Oblast,2019,Wheat,11432.0,3834.0,2.981742305685968
845,Dnipropetrovsk Oblast,2019,Corn,15157.0,7606.0,1.9927688666841967
846,Vinnytsia Oblast,2018,Barley,22800.0,5666.0,4.024002823861631
847,Poltava Oblast,2018,Sunflower,4589.0,5076.0,0.9040583136327816
848,Cherkasy Oblast,2019,Soybean,13661.0,7324.0,1.865237575095576
849,Cherkasy Oblast,2022,Rye,14622.0,5991.0,2.843765648472709
850,Cherkasy Oblast,2018,Barley,7685.0,6294.0,1.2210041309183348
851,Kharkiv Oblast,2019,Soybean,14453.0,4713.0,3.066624230850838
852,Cherkasy Oblast,2022,Rye,9300.0,4818.0,1.9302615193026151
853,Kyiv Oblast,2022,Rye,19278.0,3854.0,2.83268902184886
854,Kyiv Oblast,2019,Barley,10838.0,4211.0,2.57373545476134
855,Lviv Oblast,2022,Sunflower,7347.0,5249.0,1.3996951800342925
856,Dnipropetrovsk Oblast,2020,Potatoes,19562.0,3339.0,5.8586403114705
857,Cherkasy Oblast,2020,Potatoes,5419.0,4319.0,1.2546885853206762
858,Lviv Oblast,2021,Soybean,19786.0,6848.0,2.889310747663552
859,Odesa Oblast,2019,Wheat,13782.0,6141.0,2.244259892525647
860,Cherkasy Oblast,2022,Soybean,14622.0,4790.0,2.5194154488517744
861,Vinnytsia Oblast,2018,Wheat,11174.0,1999.0,5.589794897448725
862,Kyiv Oblast,2019,Soybean,11006.0,6823.0,1.6130734281108017
863,Zhytomyr Oblast,2018,Soybean,9528.0,6211.0,1.5340524875221382
864,Zhytomyr Oblast,2021,Potatoes,18543.0,3620.0,5.122375690607735
865,Zhytomyr Oblast,2018,Rye,14622.0,6887.0,1.8110933643095688
866,Zhytomyr Oblast,2019,Rye,13706.0,6937.0,1.975782038345106
867,Vinnytsia Oblast,2022,Rye,22021.0,7606.0,2.89521430449645
868,Zhytomyr Oblast,2022,Corn,25385.0,4649.0,5.460314046031405
869,Kharkiv Oblast,2019,Soybean,18116.0,1928.0,9.396265560165975
870,Odesa Oblast,2021,Soybean,17441.0,6647.0,2.623890476906875
871,Dnipropetrovsk Oblast,2020,Barley,14622.0,5242.0,0.2495230827928271
872,Vinnytsia Oblast,2018,Potatoes,24217.0,5589.0,4.33297548756486
873,Kharkiv Oblast,2020,Wheat,10442.0,4110.0,2.5406326034063262
874,Odesa Oblast,2019,Potatoes,13202.0,4390.0,3.0072892938496585
875,Poltava Oblast,2021,Rye,10910.0,4229.0,2.579806100733034
876,Kharkiv Oblast,2019,Wheat,18529.0,6179.0,2.9987052921184656
877,Dnipropetrovsk Oblast,2022,Barley,13506.0,4361.0,3.096996101811511
878,Kharkiv Oblast,2020,Potatoes,12224.0,5015.0,5.35905304690925
879,Zhytomyr Oblast,2022,Soybean,18166.0,8092.0,2.2449332674246167
880,Kyiv Oblast,2022,Corn,24448.0,7061.0,3.462399093612803
881,Kyiv Oblast,2021,Corn,18044.0,2388.0,7.556113902847571
882,Lviv Oblast,2018,Rye,9663.0,5268.0,1.8342824601366745
883,Lviv Oblast,2020,Soybean,23756.0,5650.0,4.204601769911505
884,Dnipropetrovsk Oblast,2018,Barley,16525.0,4992.0,2.83268902184886
885,Kharkiv Oblast,2019,Potatoes,14622.0,8073.0,2.6806639415335067
886,Odesa Oblast,2021,Corn,18321.0,5250.0,3.4897142857142858
887,Kharkiv Oblast,2021,Soybean,18641.0,5982.0,3.116181878970244
888,Kharkiv Oblast,2020,Sunflower,19281.0,3335.0,5.781409295352324
889,Cherkasy Oblast,2018,Soybean,12155.0,5503.0,2.2087952026167543
890,Zhytomyr Oblast,2018,Soybean,14622.0,3395.0,3.223858615611193
891,Dnipropetrovsk Oblast,2019,Soybean,17444.0,6596.0,2.644633110976349
892,Dnipropetrovsk Oblast,2021,Sunflower,7218.0,4135.0,2.83268902184886
893,Dnipropetrovsk Oblast,2020,Sunflower,9563.0,4663.0,2.0508256487239973
894,Kyiv Oblast,2019,Sunflower,13349.0,6261.0,2.1320875259543204
895,Dnipropetrovsk Oblast,2019,Soybean,13843.0,7840.0,1.765688775510204
896,Odesa Oblast,2021,Sunflower,19941.0,5015.0,3.4180665066849505
897,Poltava Oblast,2022,Barley,11346.0,4204.0,2.698858230256898
898,Zhytomyr Oblast,2018,Soybean,18213.0,4554.0,3.999341238471673
899,Odesa Oblast,2018,Corn,12973.0,3584.0,3.6196986607142856
900,Poltava Oblast,2020,Rye,19403.0,2041.0,9.506614404703576
901,Cherkasy Oblast,2020,Wheat,16038.0,7775.0,2.0627652733118973
902,Cherkasy Oblast,2018,Rye,10832.0,7046.0,1.5373261424921942
903,Kyiv Oblast,2022,Soybean,15055.0,4655.0,3.234156820622986
904,Vinnytsia Oblast,2021,Wheat,13016.0,4360.0,2.985321100917431
905,Lviv Oblast,2020,Barley,12916.0,6465.0,1.9978344934261407
906,Cherkasy Oblast,2020,Soybean,12849.0,3763.0,3.414562848790858
907,Cherkasy Oblast,2018,Rye,20880.0,5112.0,4.084507042253521
908,Kyiv Oblast,2018,Corn,12620.0,5015.0,2.2093837535014007
909,Zhytomyr Oblast,2018,Potatoes,11798.0,4625.0,2.83268902184886
910,Odesa Oblast,2022,Potatoes,16167.0,6640.0,2.434789156626506
911,Kyiv Oblast,2019,Sunflower,18205.0,5869.0,3.101891293235645
912,Vinnytsia Oblast,2018,Corn,11837.0,4992.0,2.37119391025641
913,Dnipropetrovsk Oblast,2022,Corn,14622.0,3367.0,1.2708642708642708
914,Poltava Oblast,2021,Soybean,7753.0,3526.0,2.1988088485536017
915,Odesa Oblast,2019,Potatoes,21371.0,4481.0,4.769247935728632
916,Poltava Oblast,2021,Barley,15625.0,2221.0,7.035119315623593
917,Vinnytsia Oblast,2020,Wheat,20883.0,6564.0,3.1814442413162705
918,Zhytomyr Oblast,2021,Rye,14622.0,3234.0,5.708101422387137
919,Dnipropetrovsk Oblast,2018,Wheat,13441.0,5160.0,2.60484496124031
920,Cherkasy Oblast,2018,Corn,22936.0,7972.0,2.8770697441043653
921,Poltava Oblast,2021,Potatoes,13875.0,3148.0,4.407560355781449
922,Poltava Oblast,2019,Barley,14622.0,4681.0,2.851954710531938
923,Zhytomyr Oblast,2021,Potatoes,12745.0,4386.0,2.905836753305973
924,Dnipropetrovsk Oblast,2018,Rye,13290.0,5281.0,2.5165688316606705
925,Poltava Oblast,2020,Soybean,13766.0,4861.0,2.8319275869162723
926,Kharkiv Oblast,2018,Soybean,16010.0,1768.0,9.055429864253394
927,Odesa Oblast,2020,Wheat,14622.0,5706.0,3.2656852436032247
928,Lviv Oblast,2021,Potatoes,22237.0,4284.0,5.190709617180206
929,Kyiv Oblast,2020,Soybean,15712.0,6084.0,2.5825115055884287
930,Odesa Oblast,2020,Barley,1879.0,4591.0,0.409279024177739
931,Kharkiv Oblast,2019,Soybean,13659.0,6084.0,2.245069033530572
932,Kharkiv Oblast,2021,Rye,8384.0,5987.0,1.4003674628361449
933,Odesa Oblast,2021,Sunflower,16486.0,6835.0,2.4119970738844185
934,Kharkiv Oblast,2021,Barley,16816.0,3795.0,4.431093544137022
935,Vinnytsia Oblast,2018,Barley,14622.0,4469.0,4.088610427388677
936,Kharkiv Oblast,2019,Potatoes,14622.0,3491.0,4.390718991692925
937,Odesa Oblast,2020,Barley,11016.0,5956.0,1.8495634654130289
938,Dnipropetrovsk Oblast,2021,Potatoes,10113.0,3965.0,2.5505674653215635
939,Poltava Oblast,2018,Rye,17487.0,5229.0,3.3442340791738383
940,Kharkiv Oblast,2022,Rye,17632.0,4486.0,3.930450289790459
941,Odesa Oblast,2019,Potatoes,15858.0,5517.0,2.8743882544861337
942,Zhytomyr Oblast,2021,Wheat,9110.0,5015.0,1.8633667416649624
943,Lviv Oblast,2019,Barley,10485.0,5889.0,1.7804381049414162
944,Odesa Oblast,2020,Potatoes,13923.0,4392.0,3.170081967213114
945,Vinnytsia Oblast,2022,Sunflower,19342.0,3188.0,6.067126725219573
946,Lviv Oblast,2019,Rye,15671.0,4820.0,3.2512448132780083
947,Lviv Oblast,2020,Sunflower,17254.0,3989.0,4.325394835798446
948,Vinnytsia Oblast,2018,Wheat,22765.0,6786.0,3.3547008547008548
949,Cherkasy Oblast,2022,Potatoes,13109.0,5015.0,2.7992739696775573
950,Lviv Oblast,2019,Potatoes,15858.0,2803.0,5.657509810916875
951,Cherkasy Oblast,2018,Rye,11707.0,5951.0,1.9672323979163169
952,Cherkasy Oblast,2018,Sunflower,11815.0,7281.0,1.622716659799478
953,Dnipropetrovsk Oblast,2021,Barley,14622.0,5274.0,2.693780811528252
954,Lviv Oblast,2019,Sunflower,17899.0,5901.0,3.033214709371293
955,Poltava Oblast,2020,Wheat,12193.0,4178.0,2.918382000957396
956,Vinnytsia Oblast,2019,Sunflower,21362.0,4503.0,4.743948478791917
957,Kyiv Oblast,2022,Rye,7989.0,3582.0,2.230318257956449
958,Kharkiv Oblast,2021,Soybean,21363.0,4749.0,4.498420720151611
959,Zhytomyr Oblast,2020,Wheat,13533.0,4837.0,2.797808559024189
960,Kyiv Oblast,2022,Potatoes,21835.0,7157.0,3.050859298588794
961,Dnipropetrovsk Oblast,2020,Wheat,18433.0,4810.0,3.832224532224532
962,Odesa Oblast,2021,Rye,11030.0,8244.0,1.3379427462396896
963,Kharkiv Oblast,2022,Rye,17546.0,3199.0,5.48483901219131
964,Poltava Oblast,2021,Barley,21682.0,5015.0,5.491894630192503
965,Poltava Oblast,2021,Corn,15368.0,4480.0,3.430357142857143
966,Zhytomyr Oblast,2019,Sunflower,11624.0,5982.0,1.9431628217987296
967,Odesa Oblast,2021,Barley,5510.0,4342.0,1.2690004606172272
968,Kyiv Oblast,2020,Corn,14576.0,5206.0,2.799846331156358
969,Dnipropetrovsk Oblast,2021,Rye,6543.0,4585.0,1.4270447110141766
970,Kyiv Oblast,2019,Barley,10381.0,3768.0,2.7550424628450108
971,Kyiv Oblast,2018,Barley,8172.0,5905.0,1.3839119390347163
972,Kyiv Oblast,2021,Rye,22922.0,3875.0,5.9153548387096775
973,Odesa Oblast,2020,Barley,17284.0,4503.0,3.838330002220742
974,Odesa Oblast,2022,Corn,14622.0,4142.0,2.83268902184886
975,Kyiv Oblast,2019,Rye,15221.0,6346.0,2.398518751969745
976,Kharkiv Oblast,2022,Barley,27778.02,4678.0,1.9914493373236424
977,Zhytomyr Oblast,2019,Rye,18496.0,5957.0,3.104918583179453
978,Zhytomyr Oblast,2022,Sunflower,20467.0,1629.0,12.56414978514426
979,Lviv Oblast,2022,Wheat,21481.0,4229.0,5.079451406951998
980,Vinnytsia Oblast,2020,Potatoes,9964.0,7270.0,2.83268902184886
981,Zhytomyr Oblast,2022,Barley,7147.0,7276.0,0.982270478284772
982,Vinnytsia Oblast,2020,Barley,21926.0,6553.0,3.345948420570731
983,Vinnytsia Oblast,2022,Sunflower,21756.0,5140.0,4.232684824902724
984,Vinnytsia Oblast,2018,Barley,16354.0,3518.0,4.648664013644116
985,Poltava Oblast,2022,Corn,21312.0,4633.0,4.600043168573278
986,Zhytomyr Oblast,2022,Wheat,14410.0,8534.0,1.6885399578157956
987,Poltava Oblast,2021,Corn,15584.0,2757.0,2.83268902184886
988,Zhytomyr Oblast,2018,Potatoes,14263.0,6298.0,2.26468720228644
989,Zhytomyr Oblast,2022,Corn,13323.0,4856.0,2.7436161449752885
990,Odesa Oblast,2018,Barley,12166.0,3985.0,3.052948557089084
991,Poltava Oblast,2019,Potatoes,23158.0,3926.0,5.8986245542536935
992,Odesa Oblast,2020,Corn,19706.0,5015.0,3.3564980412195538
993,Poltava Oblast,2022,Wheat,12638.0,5665.0,2.230891438658429
994,Kharkiv Oblast,2020,Barley,18692.0,7862.0,2.3775120834393286
995,Zhytomyr Oblast,2018,Soybean,8449.0,4319.0,1.9562398703403563
996,Odesa Oblast,2021,Wheat,14622.0,2653.0,6.30418394270637
997,Dnipropetrovsk Oblast,2018,Potatoes,16084.0,6320.0,2.5449367088607597
998,Lviv Oblast,2020,Wheat,15794.0,5433.0,2.9070495122400146
999,Zhytomyr Oblast,2021,Rye,19868.0,3901.0,5.0930530633170985
